,timing
0,"<button class=""input_box""><span class=""h_search""><svg height=""18"" viewbox=""0 0 25 25"" width=""18""><path class=""svg_color"" d=""M10.5 2A6.5 6.5 0 0 1 17 8.5c0 1.6-.6 3.1-1.56 4.23l.27.27h.8l5 5-1.5 1.5-5-5v-.8l-.27-.27C13.55 14.447 12.05 15 10.5 15a6.5 6.5 0 1 1 0-13zm0 2A4.48 4.48 0 0 0 6 8.5a4.48 4.48 0 0 0 4.5 4.5A4.48 4.48 0 0 0 15 8.5 4.48 4.48 0 0 0 10.5 4z"" fill=""#000"" fill-rule=""evenodd""></path></svg></span><span>Search Artists, Songs, Albums</span></button>"
1,<span>Duration</span>
2,<span>04:50</span>
3,<span>04:39</span>
4,<span>04:06</span>
5,<span>03:51</span>
6,<span>02:22</span>
7,<span>03:47</span>
8,<span>04:07</span>
9,<span>02:53</span>
10,<span>03:30</span>
11,<span>03:45</span>
12,<span>03:31</span>
13,<span>03:28</span>
14,<span>04:18</span>
15,<span>04:33</span>
16,<span>02:25</span>
17,<span>05:11</span>
18,<span>05:01</span>
19,<span>03:56</span>
20,<span>03:36</span>
21,<span>04:04</span>
22,<span>04:19</span>
23,<span>03:49</span>
24,<span>03:23</span>
25,<span>00:53</span>
26,<span>02:23</span>
27,<span>03:49</span>
28,<span>03:57</span>
29,<span>02:56</span>
30,<span>03:28</span>
31,<span>03:49</span>
32,<span>03:40</span>
33,<span>03:54</span>
34,<span>02:36</span>
35,<span>04:55</span>
36,<span>04:21</span>
37,<span>05:33</span>
38,<span>03:02</span>
39,<span>04:03</span>
40,<span>04:00</span>
41,<span>05:57</span>
42,<span>04:15</span>
43,<span>04:43</span>
44,<span>01:33</span>
45,<span>04:44</span>
46,<span>03:58</span>
47,<span>03:19</span>
48,<span>00:45</span>
49,<span>03:51</span>
50,<span>03:52</span>
51,<span>03:23</span>
